topico,conteudo,fonte
Windows Update Falhando,"Para corrigir atualizações que falham repetidamente, pare o serviço Windows Update, renomeie a pasta C:\Windows\SoftwareDistribution e reinicie o serviço para forçar um novo download limpo.",Microsoft Learn (Docs)
Recuperação de Senha do Roteador,Roteadores corporativos sem acesso por senha administrativa devem ser resetados fisicamente. Pressione o botão 'Reset' por 15 segundos usando um clipe de papel para restaurar as credenciais padrão de fábrica.,Documentação Cisco e Clube do Hardware
Erro de Permissão no OneDrive,"Se o OneDrive relatar que não tem permissão para sincronizar, verifique se o usuário tem permissão de leitura e gravação na pasta local raiz do OneDrive nas propriedades de Segurança do NTFS.",Comunidade Super User e Fóruns de TI
Mouse Sem Fio Com Atraso,Atraso (input lag) em mouses sem fio ocorre por interferência ou distância. Conecte o receptor USB em uma porta frontal ou use um cabo extensor para deixá-lo mais próximo do mouse.,Comunidade Super User e Fóruns de TI
Teclado de Notebook Com Teclas Falhando,Teclas específicas que não respondem em notebooks indicam rompimento da trilha na membrana do teclado. A solução definitiva é a substituição física do painel do teclado.,Comunidade Super User e Fóruns de TI
Conta de Usuário Bloqueada no AD,"Contas do Active Directory são bloqueadas após múltiplas tentativas incorretas de senha. O administrador deve acessar o painel de Usuários e Computadores do AD, localizar a conta e desmarcar a opção de bloqueio.",Microsoft Learn (Docs)
Erro de Memória Insuficiente no Chrome,"Se o Chrome exibir erro de falta de memória ('Aw, Snap!'), o sistema ficou sem RAM. Aumente o arquivo de paginação do Windows ou instale mais memória física no equipamento.",Microsoft Learn (Docs)
Configuração de IP Estático,"Para servidores ou impressoras, um IP estático evita perda de comunicação. Acesse as propriedades do adaptador de rede, IPv4, e insira manualmente o endereço IP, máscara de sub-rede e gateway padrão.",Documentação Cisco e Clube do Hardware
Disco SSD Não Reconhecido na Formatação,"Se um SSD NVMe não aparecer na tela de instalação do Windows, é necessário carregar o driver Intel Rapid Storage Technology (IRST) via pendrive durante o setup.",Microsoft Learn (Docs)
Acesso Remoto via AnyDesk Lento,Lentidão extrema em conexões AnyDesk ou TeamViewer está ligada à taxa de upload da máquina host ou à falta de aceleração de hardware de vídeo. Reduzir a qualidade de imagem para 'Velocidade' nas configurações alivia o tráfego.,Fórum Tom's Hardware e Guia do Hardware
Mensagem de Licença do Windows Expirando,O aviso 'Sua licença do Windows expira em breve' em máquinas corporativas indica perda de comunicação com o servidor KMS. Conecte à VPN da empresa e rode 'slmgr /ato' no prompt.,Microsoft Learn (Docs)
Monitor Secundário Piscando,Cintilação em monitores secundários geralmente é causada por cabos HDMI/DisplayPort de baixa qualidade ou danificados. A substituição do cabo por um com certificação adequada resolve o problema.,Comunidade Super User e Fóruns de TI
Erro 500 Internal Server Error,Erros 500 ao acessar sistemas web internos indicam falha no servidor de aplicação. O suporte deve verificar os logs do IIS ou Apache no servidor hospedeiro para identificar a causa da falha no código.,Comunidade de Ajuda do Google
Impressora Offline no Windows,Impressoras de rede aparecem como 'Offline' se o endereço IP delas mudar. Configure uma reserva de IP no roteador e atualize a porta TCP/IP nas propriedades da impressora no Windows.,Microsoft Learn (Docs)
Pasta Compartilhada Pede Credenciais,"Quando o acesso a uma pasta pública de rede exige senha inesperadamente, a 'Descoberta de Rede' ou o 'Compartilhamento sem senha' foram desativados na Central de Rede do Windows da máquina hospedeira.",Microsoft Learn (Docs)
Bateria de Notebook Viciada,"Se a bateria não passa de 0% mesmo conectada, as células internas estão mortas. O equipamento funcionará apenas diretamente na tomada até que a bateria seja fisicamente substituída.",Fórum Tom's Hardware e Guia do Hardware
Erro de Disco 100% no Windows 10,O bug de disco a 100% em HDs mecânicos pode ser amenizado desativando o serviço SysMain (antigo Superfetch) e a Pesquisa do Windows nos Serviços do sistema.,Microsoft Learn (Docs)
Som Saindo Apenas de Um Lado do Fone,"Se o fone foi testado e está normal, o problema pode ser o balanço de áudio do Windows. Vá em Configurações de Som, Propriedades do Dispositivo e centralize o balanço dos canais Esquerdo e Direito.",Microsoft Learn (Docs)
Microfone com Ruído de Fundo Estático,Chiados constantes no microfone são causados por falta de aterramento elétrico no PC ou ganho excessivo. Reduza a 'Sensibilidade/Ganho' nas propriedades do microfone e ative a supressão de ruído no software da placa de som.,Comunidade Super User e Fóruns de TI
Recuperação de E-mail Excluído Definitivamente,"No Outlook com Exchange, e-mails excluídos da lixeira podem ser recuperados em até 30 dias clicando na opção 'Recuperar Itens Excluídos do Servidor' na guia Pasta.",Microsoft Learn (Docs)
Bloqueio de Macro no Excel,"Por segurança, planilhas baixadas da internet com macros (.xlsm) são bloqueadas pelo Windows. Para liberar, clique com o botão direito no arquivo, vá em Propriedades e marque a caixa 'Desbloquear'.",Microsoft Learn (Docs)
Conexão Wi-Fi Desconectando ao Suspender,"Para evitar que downloads caiam quando o PC bloqueia a tela, vá no Gerenciador de Dispositivos, propriedades do adaptador Wi-Fi, aba Gerenciamento de Energia e desmarque 'O computador pode desligar o dispositivo'.",Documentação Cisco e Clube do Hardware
Pendrive Corrompido (Formato RAW),"Unidades em modo RAW perderam a tabela de alocação. Use o comando 'chkdsk X: /f /r' via Prompt de Comando para tentar reparar os setores, substituindo 'X' pela letra do pendrive.",Comunidade Super User e Fóruns de TI
Aplicativo Padrão de PDF Alterado,"Atualizações do Windows costumam redefinir o Edge como leitor de PDF. Clique com o botão direito no arquivo, selecione 'Abrir com > Escolher outro aplicativo', selecione o leitor desejado e marque a caixa para sempre usar este app.",Microsoft Learn (Docs)
Tela Azul IRQL_NOT_LESS_OR_EQUAL,"Este código de BSOD indica que um driver tentou acessar um endereço de memória não autorizado. A atualização dos drivers de chipset e vídeo, além da verificação de integridade da RAM, são as correções recomendadas.",Fórum Tom's Hardware e Guia do Hardware
Celular Corporativo Sem Sinal de Rede,A falta de rede em aparelhos MDM pode ser falha no perfil de APN. Vá nas configurações de rede móvel e redefina os Nomes dos Pontos de Acesso (APNs) para os padrões da operadora.,Documentação Cisco e Clube do Hardware
Erro de Permissão no Google Drive,O acesso negado a documentos do Google Drive ocorre porque a conta logada no navegador não possui autorização do criador. Solicite o acesso clicando no botão exibido na página de bloqueio.,Comunidade de Ajuda do Google
Notificações de Spam no Navegador,"Pop-ups de antivírus falso ou alertas do Chrome originam-se de permissões abusivas. Acesse as Configurações de Site do navegador, vá em Notificações e remova os sites suspeitos da lista de permissões.",Comunidade de Ajuda do Google
Computador Ligando Direto na Tela de Reparo,"Loops de Reparo Automático indicam corrupção no registro do Windows ou arquivos essenciais de boot. Tente usar a opção 'Restaurar o PC' mantendo os arquivos, ou restaure de um ponto de verificação anterior.",Microsoft Learn (Docs)
Webcam Mostrando Imagem Invertida,Imagens espelhadas ou de cabeça para baixo na webcam ocorrem por drivers genéricos instalados pelo Windows. Instale o driver oficial da fabricante do notebook para restabelecer a orientação correta.,Microsoft Learn (Docs)
Cabo de Rede Desconectado,"A mensagem 'Cabo de rede desconectado' com o cabo fisicamente inserido pode indicar cabo quebrado internamente, conectores RJ45 oxidados ou porta do switch queimada. Teste com outro patch cord.",Documentação Cisco e Clube do Hardware
VPN Bloqueada por Antivírus,Firewalls de terceiros (como Kaspersky ou Bitdefender) podem bloquear o tráfego de clientes VPN. Adicione o executável do cliente VPN à lista de exclusões e regras confiáveis do antivírus local.,Documentação Cisco e Clube do Hardware
Sincronização de Relógio Falhando,O relógio do Windows pode apresentar a hora errada se o serviço 'Tempo do Windows' estiver inativo. Inicie o serviço via 'services.msc' e force a sincronização com o servidor 'time.windows.com'.,Microsoft Learn (Docs)
Atalho de Teclado Criando Múltiplas Letras,"Key chattering (teclas digitando duplicado, como 'aassdd') é um defeito físico no switch do teclado mecânico. Pode ser mitigado com softwares anti-chatter ou limpando o switch com limpa-contatos.",Comunidade Super User e Fóruns de TI
Falha ao Conectar Monitor Projetor,"Se o notebook não enviar vídeo ao projetor, a resolução nativa pode ser incompatível. Altere a resolução do Windows para 1080p ou 720p em 60Hz antes de duplicar as telas.",Microsoft Learn (Docs)
Aplicativo Fechando Imediatamente (Crash),Crashs instântaneos em apps da Windows Store (como a Calculadora) são resolvidos rodando o comando 'wsreset.exe' ou reparando o aplicativo através das Configurações de Aplicativos do Windows.,Microsoft Learn (Docs)
Erro DLL Msvcp140.dll e Vcruntime140.dll,Estes erros ocorrem pela ausência das bibliotecas do Visual Studio. Baixe e instale o pacote 'Microsoft Visual C++ Redistributable (x86 e x64)' para resolver o problema estruturalmente.,Microsoft Learn (Docs)
Erro de Autenticação NTLM no Acesso a Pastas,Desconexões usando credenciais antigas são falhas no gerenciador de credenciais do Windows. Limpe os registros antigos acessando 'Gerenciador de Credenciais' no Painel de Controle e remova as senhas salvas da rede.,Microsoft Learn (Docs)
Certificado Digital A3 Não Reconhecido,"Tokens ou smartcards A3 que não aparecem no sistema requerem o gerenciador criptográfico da emissora (ex: SafeSign, Safenet) e a instalação da cadeia de certificados raiz da ICP-Brasil atualizada.",Comunidade Super User e Fóruns de TI
Conexão Intermitente no Cabo de Rede,Quedas constantes usando rede cabeada podem ser causadas por conectores RJ45 mal crimpados. O suporte deve refazer a ponta do cabo utilizando um alicate de crimpagem e testar a continuidade.,Documentação Cisco e Clube do Hardware
Erro no Serviço de Áudio do Windows,"O ícone de alto-falante com um 'X' vermelho significa que o Windows Audio Service parou. Abra o services.msc, localize 'Áudio do Windows' e clique em Iniciar ou Reiniciar.",Microsoft Learn (Docs)
Restauração do Sistema Falhou,Falhas ao aplicar um Ponto de Restauração geralmente acontecem devido ao bloqueio do antivírus. Desative temporariamente a proteção em tempo real e tente restaurar novamente via Modo de Segurança.,Cartilha de Segurança CERT.br
Pesquisa do Windows Não Funciona,"Quando o menu iniciar não digita ou não acha nada, o índice corrompeu. Abra as Opções de Indexação no Painel de Controle, vá em Avançado e clique em 'Recriar' o índice.",Microsoft Learn (Docs)
Limpeza de Fila de Impressão Travada,"Para limpar um documento 'Excluindo...' preso, pare o serviço de Spooler, apague os arquivos na pasta 'C:\Windows\System32\spool\PRINTERS' e inicie o Spooler novamente.",Microsoft Learn (Docs)
Tela do Monitor Fora de Escala,A mensagem 'Out of Range' no monitor indica que a resolução ou a taxa de atualização do PC excedem os limites do painel. Inicie o Windows em 'Modo de Vídeo de Baixa Resolução' e ajuste as configurações.,Microsoft Learn (Docs)
Sincronização de Contatos do Outlook,"Se os contatos do celular corporativo não sincronizam com o Outlook, o aplicativo exige permissão de acesso nativo. Vá nas configurações do smartphone e autorize o Outlook a acessar os 'Contatos'.",Microsoft Learn (Docs)
Câmera Desfocada ou Embaçada,Lentes de webcam ou celulares sujas de gordura dos dedos criam imagens embaçadas. A limpeza física com um pano de microfibra macio resolve a maioria dos problemas de nitidez visual.,Comunidade Super User e Fóruns de TI
"Teclas Invertidas no Mac (@ no lugar de ')""","Ao usar um teclado Windows em um Mac, as teclas de aspas e arroba costumam se inverter. No macOS, vá em Ajustes de Teclado > Teclas Modificadoras e certifique-se de que o layout ISO/ABNT está correto.",Microsoft Learn (Docs)
Erro de Ping Request Timed Out,A resposta 'Esgotado o tempo limite do pedido' ao pingar um servidor indica que a máquina está offline ou o Firewall do servidor está bloqueando o protocolo ICMP (ping). Verifique as regras de entrada do Firewall.,Documentação Cisco e Clube do Hardware
HD Externo Não Aparece no Meu Computador,"Se o HD faz barulho normal mas não aparece, ele perdeu a letra da unidade. Vá em 'Gerenciamento de Disco' (diskmgmt.msc), clique com o botão direito no volume e escolha 'Alterar Letra de Unidade e Caminhos'.",Fórum Tom's Hardware e Guia do Hardware
Aplicativos em Segundo Plano Consumindo Bateria,"No Windows 11, o recurso de economia bloqueia apps em segundo plano. Vá em Configurações > Sistema > Energia e Bateria para visualizar o uso por aplicativo e restringir os ofensores em segundo plano.",Microsoft Learn (Docs)
Falha de Autenticação LDAP,Sistemas que usam Active Directory para login e apresentam falha LDAP precisam ter suas configurações apontadas para a porta correta (389 para tráfego normal ou 636 para LDAPS seguro).,Microsoft Learn (Docs)
Limpar Cache de DNS do Mac,"Para limpar o DNS no macOS e resolver bloqueios de sites, abra o Terminal e digite 'sudo dscacheutil -flushcache; sudo killall -HUP mDNSResponder'. Uma senha de administrador será necessária.",Suporte Oficial Apple
Computador Reinicia ao Conectar USB,"Se a máquina desliga ou reinicia na hora que um pendrive ou mouse é plugado, a porta USB está em curto-circuito físico, acionando a proteção da placa-mãe. Essa porta não deve mais ser utilizada.",Fórum Tom's Hardware e Guia do Hardware
Pasta Windows.old Ocupando Espaço,"Após atualizar o sistema, a pasta 'Windows.old' guarda a versão anterior para reversão. Se o PC estiver estável, ela pode ser apagada usando a ferramenta 'Limpeza de Disco' com foco em arquivos do sistema.",Microsoft Learn (Docs)
Falha na Inicialização do Docker,"Se o Docker Desktop ficar parado em 'Starting', a virtualização (Hyper-V ou WSL2) pode estar desativada. Certifique-se de ativar a virtualização na BIOS e instalar a atualização do kernel do Linux.",Fórum Tom's Hardware e Guia do Hardware
Erro de Tela Azul MEMORY_MANAGEMENT,BSOD Memory Management é um forte indício de falha no pente de memória RAM ou configuração XMP incorreta na BIOS. Testar a máquina com apenas um módulo de memória isola o componente defeituoso.,Fórum Tom's Hardware e Guia do Hardware
Notebook Ligado mas Tela Preta,"Se o teclado acende, a ventoinha gira, mas não dá vídeo, tente conectar um monitor externo. Se der vídeo, a tela LCD ou o cabo flat interno do notebook queimaram. Se não, é falha na placa-mãe.",Fórum Tom's Hardware e Guia do Hardware
Recuperar Histórico de Navegação Excluído,"O histórico do Chrome apagado localmente não pode ser recuperado facilmente. Porém, se a conta do Google estiver sincronizada, o usuário pode acessar 'myactivity.google.com' para ver os registros em nuvem.",Comunidade de Ajuda do Google
Erro de Conexão com Servidor Proxy,"Se nenhum navegador abrir sites exibindo erro de Proxy, o Windows pode estar com a configuração forçada por um malware. Vá em Opções da Internet > Conexões > Configurações da LAN e desmarque o servidor proxy.",Microsoft Learn (Docs)
Cabo HDMI Não Passa Som para a TV,"Se a imagem aparece mas o som sai no PC, o dispositivo de reprodução padrão não mudou. Clique no ícone de volume na barra de tarefas e mude a saída de 'Alto-falantes' para a sua 'TV/HDMI'.",Comunidade Super User e Fóruns de TI
Bluetooth do Notebook Sumiu do Sistema,O sumiço total do ícone Bluetooth do Gerenciador de Dispositivos indica falha de hardware ou conflito do adaptador de rede (já que Wi-Fi e Bluetooth usam a mesma placa). Reinstalar o driver ou remover a placa fisicamente resolve.,Documentação Cisco e Clube do Hardware
Documento Preso em Formato XPS,"Arquivos gerados acidentalmente como .xps ou .oxps via 'Microsoft Print to PDF' podem ser abertos usando o 'Visualizador XPS' nativo do Windows, disponível em 'Recursos Opcionais' nas configurações.",Microsoft Learn (Docs)
Falha no Logon do Perfil Temporário,"Fazer login e perder atalhos com mensagem de Perfil Temporário indica corrupção no registro. O técnico deve entrar no 'regedit', localizar a chave ProfileList e renomear ou remover a pasta `.bak` corrompida do usuário.",Comunidade Super User e Fóruns de TI
Teclas de Atalho do Windows Não Funcionam,"A tecla 'Win' desativada muitas vezes ocorre em teclados gamers. Procure pela tecla 'Fn' combinada com a tecla do Windows para desativar o 'Gaming Mode', que bloqueia interrupções acidentais no jogo.",Microsoft Learn (Docs)
Extensões do Chrome Desativadas por Administrador,Extensões instaladas sem permissão podem ser forçadamente removidas por Políticas de Grupo (GPO) em PCs corporativos. O TI da empresa precisará colocar a ID da extensão na lista de permissões do servidor.,Comunidade de Ajuda do Google
Rede Apresenta Lentidão Apenas em Um PC,"Se a internet é normal nos outros PCs, a máquina afetada pode estar com atualizações em segundo plano, malware de mineração ou driver de rede desatualizado limitando a negociação da placa a 10Mbps.",Documentação Cisco e Clube do Hardware
Recuperação de Chave do BitLocker,"Quando o HD bloqueia pedindo o BitLocker, a chave de 48 dígitos não pode ser pulada. Ela estará vinculada à conta Microsoft pessoal do usuário original ou ao Active Directory da empresa. Sem ela, os dados são perdidos.",Microsoft Learn (Docs)
Trocar Bateria de Placa-Mãe (CMOS),Erros constantes na data e hora sempre que o PC desliga apontam que a bateria tipo moeda CR2032 esgotou. A substituição garante que a BIOS retenha informações do hardware e relógio sem energia da tomada.,Fórum Tom's Hardware e Guia do Hardware
Desativar Telemetria do Windows,"Para aliviar processadores lentos, ferramentas de privacidade como o O&O ShutUp10 ou alterações no registro podem desativar a telemetria do Windows, impedindo envios de relatórios constantes à Microsoft.",Microsoft Learn (Docs)
Falha de Backup em Disco Rígido Externo,Discos rígidos externos muito grandes (acima de 2TB) precisam ser inicializados em GPT (GUID Partition Table) e não em MBR. Use o Gerenciamento de Disco para converter a partição caso a unidade não leia toda a capacidade.,Comunidade Super User e Fóruns de TI
Conexão de Fone Bluetooth Cortando,Quedas constantes de áudio via Bluetooth ocorrem por obstrução física ou interferência de sinal 2.4GHz. Afaste roteadores Wi-Fi ou conecte o receptor Bluetooth em portas frontais e desobstruídas.,Documentação Cisco e Clube do Hardware
Erro de Arquivo Corrompido no Excel,"Se um arquivo .xlsx der erro de corrupção, use a opção 'Abrir e Reparar' no menu de abertura do Excel. O programa tentará extrair os dados e remover a formatação problemática causadora do crash.",Microsoft Learn (Docs)
Limpeza de Poeira de Coolers,"Coolers barulhentos ou que travam o PC por superaquecimento exigem manutenção. Desligue a energia, abra a tampa lateral, use pincéis antiestáticos ou ar comprimido e trave as pás das ventoinhas para não quebrarem.",Comunidade Super User e Fóruns de TI
Bloqueio de Pen Drive na Rede,"Políticas corporativas bloqueiam portas USB via GPO para evitar vazamento de dados. Se a porta não aceita armazenamento mas carrega celular, a restrição é de software; o TI deve liberar a máquina temporariamente via grupo do AD.",Documentação Cisco e Clube do Hardware
Mensagem CPU Fan Error na BIOS,Esse erro ocorre se o cooler do processador estiver ligado no pino errado (como SYS_FAN) ou se as pás não estiverem girando rápido o suficiente. Verifique se o cabo está conectado firmemente no pino 'CPU_FAN' da placa.,Fórum Tom's Hardware e Guia do Hardware
Arquivos Ocultos no Windows,"Para revelar pastas de sistema ou vírus que se escondem, vá no Explorador de Arquivos, aba Exibir, clique em Opções. Em Modo de Exibição, desmarque 'Ocultar arquivos protegidos' e marque 'Mostrar arquivos ocultos'.",Microsoft Learn (Docs)
Atualização Congelada (Não desligue o PC),"Travamentos de horas na tela 'Trabalhando em atualizações' ocorrem por loops lógicos. Se o LED do disco rígido não estiver piscando por mais de 30 minutos, o hard reset (segurar botão power) será a única saída.",Comunidade Super User e Fóruns de TI
Celular Não Aparece no PC para Transferência,"Quando o celular conectado ao PC apenas carrega, desbloqueie a tela, deslize a barra de notificação e mude a opção de 'Apenas carregamento' para 'Transferência de Arquivos' (MTP).",Fórum XDA Developers
Conexão RDP Área de Trabalho Remota Não Funciona,"Para conectar remotamente, o PC destino deve possuir o Windows versão Pro ou Enterprise. As edições 'Home' não suportam ser servidor RDP; utilize softwares de terceiros como AnyDesk ou TeamViewer nestes casos.",Microsoft Learn (Docs)
Erro Certificado SSL Errado na Intranet,Sites internos acessados via HTTPS podem dar aviso vermelho se o certificado for autoassinado. A equipe de TI deve distribuir a Raiz Confiável da empresa para os navegadores via política do domínio.,Comunidade Super User e Fóruns de TI
Som Distorcido em Chamadas de Vídeo,"Aceleração de hardware e cancelamento de eco duplo causam distorção. Desative o processamento de áudio interno em aplicativos como Zoom ou Discord, deixando o sistema nativo cuidar do microfone.",Fórum Tom's Hardware e Guia do Hardware
Pasta Downloads Desapareceu,"A pasta principal de Downloads pode perder o ícone fixado. Abra o menu 'Executar' (Win+R), digite '%userprofile%\Downloads' e pressione Enter para restaurar a visualização do diretório e fixá-lo no acesso rápido.",Comunidade Super User e Fóruns de TI
Formatação Segura de Discos SSD,"Não utilize ferramentas de formatação profunda (zero fill) em SSDs, pois degradam as células ativamente. Use as funções 'Secure Erase' no próprio utilitário da placa-mãe ou da fabricante (como Samsung Magician).",Fórum Tom's Hardware e Guia do Hardware
Placa de Vídeo Não Dá Imagem Nova,Trocar de GPU e não obter vídeo ocorre pela presença de drivers antigos conflitantes. Utilize o Display Driver Uninstaller (DDU) para limpar o software anterior antes de instalar o hardware novo.,Fórum Tom's Hardware e Guia do Hardware
Recuperar Chave do Windows Original,"PCs modernos possuem a licença atrelada à BIOS (OEM). Formate instalando a mesma versão (Home/Pro). Caso necessário verificar, abra o prompt como admin e rode: 'wmic path softwarelicensingservice get OA3xOriginalProductKey'.",Microsoft Learn (Docs)
Filtro de Tela Azul do Windows Ativado,"Se o monitor ficar amarelo de repente e não for defeito no cabo, a opção 'Luz Noturna' do Windows foi ativada. Acesse as Configurações de Tela e desative a funcionalidade ou altere o agendamento de horário.",Microsoft Learn (Docs)
Aviso de Vírus Falso via Chrome,Notificações persistentes sobre o 'McAfee' expirado ou vírus no sistema são golpes enviados por sites aos quais você deu permissão. Vá em Configurações > Notificações no navegador e apague as permissões desses sites.,Comunidade de Ajuda do Google
Touchpad do Notebook Parou Completamente,"Muitos notebooks Lenovo, Asus e Dell desativam o touchpad mediante uma combinação de tecla Fn (como Fn + F6 ou F9). Se o atalho não resolver, verifique a ativação do touchpad nas configurações do Windows 11.",Microsoft Learn (Docs)
Desativar Firewall do Windows Corretamente,"Desativar o firewall para testar aplicações de rede deve ser feito nas Configurações de Segurança do Windows para as redes de 'Domínio', 'Privada' e 'Pública'. Ative novamente assim que o teste for concluído para evitar riscos de segurança.",Microsoft Learn (Docs)
PC Travando com Beeps Contínuos,Beeps curtos e ininterruptos imediatamente ao ligar o computador indicam que há uma tecla presa fisicamente no teclado ou falha crítica no módulo da fonte de alimentação gerando tensão incorreta à placa-mãe.,Fórum Tom's Hardware e Guia do Hardware
Erro Outlook 0x8004010F: Pasta não encontrada,"Esse erro indica corrupção no perfil do usuário no registro do Outlook. A solução é acessar o Painel de Controle, ir em 'Mail', criar um Perfil de Usuário novo e adicionar a conta do Microsoft 365 ou IMAP novamente.",Microsoft Learn (Docs)
Unidade Mapeada Desconectada no Logon,"Pastas de servidor (unidades Z:, X:, etc) podem aparecer com um X vermelho após reiniciar, mesmo estando logado. Clique duas vezes na unidade para reconectar e salvar a credencial, ou mapeie via GPO de logon script atrasado.",Comunidade Super User e Fóruns de TI
Redução de Ruído do Microfone no Windows,"Se o ambiente é barulhento, abra o Painel de Controle > Som > Gravação, selecione o microfone, clique em Propriedades e ative a aba 'Aperfeiçoamentos' marcando 'Supressão de Ruído' e 'Cancelamento de Eco'.",Microsoft Learn (Docs)
Monitor Sem Som Integrado,Monitores com alto-falantes embutidos precisam receber o som via cabo HDMI ou DisplayPort. Certifique-se de que a saída padrão no ícone de som na barra de tarefas está configurada com a marca do monitor (ex: 'LG IPS FULLHD').,Comunidade Super User e Fóruns de TI
Conexão Limitada na Internet Compartilhada,"Se usar o celular como Roteador Wi-Fi (Tethering) exibir 'Sem acesso à internet', o pacote de dados esgotou ou a operadora bloqueia o recurso. Teste o compartilhamento via cabo USB nas configurações de rede móvel.",Documentação Cisco e Clube do Hardware
Navegador Edge Travando ao Abrir PDF,"O recurso 'Aprimoramento de Segurança' do Edge impede PDFs corporativos protegidos de abrir. Vá nas configurações do Edge, guia Privacidade e desative o 'Modo Super Restrito' ou o 'Aprimorar a segurança na Web' temporariamente.",Microsoft Learn (Docs)
Ícones da Área de Trabalho em Branco,"Ícones genéricos ou em branco (folha branca) acontecem quando o cache de ícones do Windows corrompe. No explorador de arquivos ocultos, exclua o arquivo 'IconCache.db' dentro de 'C:\Usuários\Nome\AppData\Local' e reinicie o PC.",Microsoft Learn (Docs)
Tela do Notebook Fica Escura Ligado na Bateria,"Para salvar energia, o Windows diminui o brilho automaticamente quando o carregador é retirado. Para alterar esse comportamento, vá ao Plano de Energia e defina o brilho do modo 'Na Bateria' para 100%.",Microsoft Learn (Docs)
Limpeza Física do Teclado,Teclados empoeirados geram toques não intencionais. Vire o teclado de cabeça para baixo e dê tapas leves nas costas. Use álcool isopropílico e cotonete para limpar cantos e evitar oxidação dos contatos das membranas internas.,Comunidade Super User e Fóruns de TI
Programa Iniciando Automaticamente Minimizado,"Para forçar programas a iniciarem, mas não atrapalharem na tela (como VPNs ou Spotify), crie um atalho na pasta 'Inicializar', abra as propriedades desse atalho e em 'Executar' selecione 'Minimizado'.",Comunidade Super User e Fóruns de TI
Impressora Puxando Várias Folhas,Borrachas de tração (roletes) (pickup rollers) gastas nas impressoras laser perdem a aderência e puxam múltiplas folhas causando atolamento. Limpar as borrachas com pano levemente umedecido em água e sabão resolve provisoriamente; a troca é recomendada.,"Portal de Suporte HP, Epson e Brother"
Erro PCL XL na Impressora,Erros 'PCL XL' acontecem quando há falha de tradução entre o driver de impressora e o documento complexo. A solução é acessar as Propriedades de Impressão e mudar as fontes 'TrueType' para serem baixadas como 'Bitmap'.,"Portal de Suporte HP, Epson e Brother"
Bloqueio de Teclado Numérico,O teclado da direita não digitar números ocorre porque o 'Num Lock' foi desativado. Pressione a tecla 'Num Lk' acima do número 7 para reativar. O LED acenderá mostrando que os números estão disponíveis.,Comunidade Super User e Fóruns de TI
Windows Não Conecta Rede 5GHz,"Notebooks antigos só enxergam redes 2.4GHz pois a placa Wi-Fi é do padrão 802.11b/g/n. Para se conectar a roteadores 5GHz, é necessário utilizar adaptadores USB Wi-Fi compatíveis com o padrão 'Dual Band' ou 802.11ac/ax.",Microsoft Learn (Docs)
Restaurar Padrões de Fábrica do Windows,"Se o sistema está irrecuperável, a formatação limpa resolve sem pen drive: vá em Configurações > Sistema > Recuperação, clique em 'Restaurar o PC' e escolha 'Remover tudo' para retornar ao estado zero de fábrica.",Microsoft Learn (Docs)
Barra de Rolagem do Mouse Pulando (Scroll Wheel),Um scroll de mouse que desce a página erraticamente tem sujeira presa no sensor rotatório encoder. Aplicar limpa-contatos elétrico diretamente na engrenagem dentro do mouse ou assoprar com ar comprimido remove a obstrução.,Comunidade Super User e Fóruns de TI
Não é Possível Apagar Pasta (Nome Muito Longo),"Ao tentar excluir ou mover pastas que ultrapassam os limites de 256 caracteres, o Windows emite um erro. A solução é utilizar um utilitário compressivo (7-Zip) para renomear e excluir, ou renomear as subpastas manualmente para encurtar.",Microsoft Learn (Docs)
Cabo USB-C Não Envia Imagem para Monitor,O envio de vídeo via USB-C (DisplayPort Alternate Mode) só funciona em portas USB-C com símbolo de 'raio' (Thunderbolt) ou 'D' (DisplayPort). USB-C básico em notebooks de entrada transfere apenas dados ou energia.,Comunidade Super User e Fóruns de TI
Pasta de Rede Muito Lenta para Carregar,"Pastas com milhares de fotos tentam renderizar miniaturas (thumbnails) via rede, consumindo banda intensamente. Mudar o modo de visualização para 'Detalhes' ou 'Lista' paralisa as requisições, tornando a navegação instantânea.",Documentação Cisco e Clube do Hardware
Bloquear Sites no Arquivo Hosts,"Para bloquear acesso no PC local, abra o bloco de notas como admin, edite 'C:\Windows\System32\drivers\etc\hosts' e adicione a linha '127.0.0.1 www.sitebloqueado.com' no final. O site será direcionado ao vazio local.",Microsoft Learn (Docs)
Desfragmentação em Disco Mecânico HD,"Discos HD muito lentos possuem fragmentação alta (arquivos espalhados pelo prato físico). O otimizador de unidades do Windows resolve isso em poucas horas, juntando os arquivos e otimizando o braço mecânico de leitura.",Microsoft Learn (Docs)
Erro de Arquivo .DLL Faltando ao Jogar,Jogos pirateados e emuladores frequentemente têm DLLs bloqueadas ou apagadas silenciosamente pelo Antivírus Defender local. Crie uma exclusão para a pasta do jogo na área 'Segurança do Windows' antes da instalação e reinstale.,Microsoft Learn (Docs)
Desabilitar Inicialização Rápida para Erros Base,O recurso 'Inicialização Rápida' do Windows causa travamentos lógicos pois o PC não desliga de verdade (hibridiza com hibernação). Desative isso pelo 'Opções de Energia > Escolher a função dos botões' para desligamentos e reboots limpos.,Microsoft Learn (Docs)
Câmera Desligada pelo Antivírus Kaspersky,"O Kaspersky Total Security tem um 'Bloqueio de Câmera' forte. Se os programas dizem 'câmera em uso', o antivírus intercedeu. Acesse o painel 'Proteção de Privacidade' do aplicativo de segurança e permita o acesso da câmera.",Cartilha de Segurança CERT.br
Teclado Americano Sem Cedilha e Acentos,"Teclados sem 'Ç' (layout US) precisam ser configurados no Windows como 'Estados Unidos - Internacional'. Para gerar a cedilha, aperta-se o acento agudo (') seguido do (C). Para acentos, aperta-se o acento seguido da vogal.",Microsoft Learn (Docs)
Erro BITS Service (Serviço de Transferência),"O serviço de transferência BITS garante o download de atualizações do Windows Update. Se estiver travado, o Windows Update e a Loja não funcionarão. Use a ferramenta de reparo nativa do Windows no Painel de Controle.",Microsoft Learn (Docs)
Arquivo PDF Fica Preto no Navegador Edge,"Isso ocorre devido a falhas na aceleração de hardware nas versões baseadas em Chromium. No navegador, vá em Configurações > Sistema > desative a 'Aceleração de hardware quando disponível' e reinicie o browser.",Microsoft Learn (Docs)
Recuperar Arquivo Substituído Sem Querer,"Se um arquivo foi sobrescrito na rede ou PC local, clique com o botão direito no arquivo > Propriedades > 'Versões Anteriores'. O recurso VSS do Windows permite restaurar arquivos para o estado do dia anterior.",Microsoft Learn (Docs)
Compartilhamento de Impressora USB Erro 0x0000011b,"Essa falha foi introduzida no Windows Update em combate ao PrintNightmare. Para voltar a compartilhar uma impressora USB pela rede, é necessário adicionar a chave DWORD 'RpcAuthnLevelPrivacyEnabled=0' no registro do host da impressora.",Microsoft Learn (Docs)
Fio Solto na Ventoinha do Gabinete,Cabos roçando na ventoinha fazem barulho de catraca ou estalo contínuo. Abra o computador com ele desligado e afaste os cabos SATA ou de energia que estejam muito próximos das pás utilizando abraçadeiras de nylon (zip ties).,Fórum Tom's Hardware e Guia do Hardware
O Computador Bloqueia Após 1 Minuto Sem Uso,"Se as Opções de Energia estão configuradas para longo tempo, mas a tela desliga rápido, o bloqueio dinâmico do Windows (junto com celular Bluetooth emparelhado) ou configurações da tela de descanso devem ser desativadas no painel.",Microsoft Learn (Docs)
Impressora Não Detecta Papel na Gaveta,O sensor óptico ou mecânico da bandeja não identifica o papel devido ao desalinhamento das guias laterais de plástico. Aperte suavemente as guias de largura contra a resma de sulfite para que os sensores engatem perfeitamente.,"Portal de Suporte HP, Epson e Brother"
Atualização Pende Reinicialização Sem Parar,"Se após reiniciar, o Windows pede para reiniciar novamente pelas mesmas atualizações, o pacote Pending.xml no sistema corrompeu. No prompt de comando de segurança, limpe os pacotes pendentes com as ferramentas de imagem do DISM.",Microsoft Learn (Docs)
O Arquivo Supera 4GB e Não Vai Para o Pen Drive,"Pen drives formatados de fábrica usam o sistema FAT32, que impede arquivos maiores que 4 Gigabytes (como vídeos em 4K). Para resolver, clique com botão direito, escolha 'Formatar' e altere de FAT32 para o formato 'exFAT' ou 'NTFS'.",Comunidade Super User e Fóruns de TI
Fones P2 com Som Estourado na Placa Mãe,Fones diretamente na placa traseira (entrada verde) sofrendo estalos possuem interferência elétrica ou impedância não casada. Usar um adaptador externo USB para P2 custa barato e purifica o sinal fora das correntes pesadas da placa-mãe.,Fórum Tom's Hardware e Guia do Hardware
Restauração Pede Mídia de Instalação no Windows,"Se a restauração embutida diz 'Não foi possível encontrar o ambiente de recuperação', significa que a partição oculta de recuperação WinRE foi apagada. Você deve gerar um pen drive pelo 'Media Creation Tool' e restaurar a partir dele.",Microsoft Learn (Docs)
Tela Escura na Projeção de Vídeos em Streaming,"Ferramentas DRM (proteção de tela) bloqueiam a captura (como Discord, OBS) de apps como Netflix. Para poder exibir as imagens remotamente sem tela preta (apenas áudio), o recurso de aceleração de vídeo do navegador precisa ser desligado.",Comunidade de Ajuda do Google
Windows Reconhece SSD como HDD e Fica Lento,"Se a desfragmentação nativa tenta agir sobre um SSD, o Windows o reconheceu erroneamente como HD mecânico por erro de chipset. Executar 'winsat diskformal' força o sistema a medir a velocidade e categorizar a unidade corretamente como Estado Sólido.",Microsoft Learn (Docs)
Desempenho Fraco ao Usar Múltiplos Antivírus,Usuários que instalam Avast junto ao Windows Defender (ou similares) sofrem bloqueio das chamadas de disco (Deadlock). Remover softwares de antivírus terceiros completamente mantendo apenas a proteção nativa do Windows estabiliza 90% das falhas.,Microsoft Learn (Docs)
Falha de Boot via Modo Segurança,"Se o PC ligou forçado em modo de segurança (msconfig) e não sai de lá após boot, o sistema ficará travado em resoluções baixas. Use 'Win+R', abra 'msconfig', e na aba 'Inicialização do Sistema' desmarque 'Inicialização Segura'.",Comunidade Super User e Fóruns de TI
Mouse Óptico Piscando mas Setinha Não Move,O LED do mouse não interage corretamente com mesas de vidro ou materiais reflexivos e transparentes. Teste sempre usar o dispositivo sobre uma folha de papel fosca ou mousepad escuro para garantir rastreio absoluto do sensor de imagens.,"Portal de Suporte HP, Epson e Brother"
Sincronização de Relógio de Banco de Dados Desfasado,Sistemas que usam tokens ou log em banco de dados podem recursar a entrar se a máquina do usuário estiver 5 minutos atrasada/adiantada em relação ao servidor AD. Manter relógios pontualmente conectados em um servidor NTP interno é crítico.,Comunidade Super User e Fóruns de TI
Falha do Serviço de Criptografia do Windows Update,"Se o serviço de Criptografia corromper, o Windows não validará as assinaturas dos pacotes .cab e o Windows Update vai falhar eternamente. Apagar a pasta %windir%\System32\catroot2 e reiniciar a máquina forçará a recriação correta dos hashes de verificação.",Microsoft Learn (Docs)
Fones de Ouvido Aparecendo como Desconectados,"Ícones cinzas de dispositivos desconectados são registros ocultos antigos. Exiba dispositivos ocultos pelo 'Gerenciador de Dispositivos', encontre o fone Bluetooth 'fantasma', desinstale, e religue o pareamento oficial novamente no painel de configurações limpo.",Comunidade Super User e Fóruns de TI
Atualizar BIOS Para Receber Processador Novo,"CPUs de gerações posteriores no mesmo soquete (ex: AMD AM4) precisam de uma BIOS com Agesa atualizado para bootar. Atualize a BIOS instalando a CPU antiga primeiro, caso a placa não suporte o modo Q-Flash sem CPU montada no soquete.",Fórum Tom's Hardware e Guia do Hardware
Luz de Disco HD Vermelha e PC Congela Segundos,Micro-congelamentos rápidos que destravam indicam instabilidade no cabo de comunicação SATA. Substituir o cabo e plugar o HD/SSD em outra entrada da placa-mãe anula a instabilidade sem perda de informações reais ou corrupção total do volume.,Fórum Tom's Hardware e Guia do Hardware
O Microfone de Headset USB Muito Baixo,"Headsets digitais por USB que captam pouco som estão com o volume de comunicação das propriedades reduzidos pelo pacote de controle. Usar aplicativos nativos de ganho de som, como o Equalizer APO, permite aumentar drasticamente as faixas do volume via hardware virtual.",Fórum Tom's Hardware e Guia do Hardware
O Monitor Continua Ligado se Apagar a Máquina,"Cabo DisplayPort que devolve energia aos circuitos do PC gera a ilusão da máquina acessa. Essa alimentação reversa vem de cabos baratos fora do padrão VESA, necessitando cabo oficial isolando o pino 20 (energia), cortando o retorno indesejado à placa.",Comunidade Super User e Fóruns de TI
Arquivos de Lixeira Corporativa Servidor Não Restauram,"Por design, partições em servidores (unidades de rede mapeadas) não possuem 'Lixeira'. Uma vez apagados por engano pelo usuário, a recuperação baseia-se puramente nas Shadow Copies geradas pelo Windows Server de hora em hora.",Microsoft Learn (Docs)
Rede Apresenta Configuração Proxy Circular e Cai,"Navegadores de empresa perdem rede mas dão ping pois os pacotes batem em configurações de script de configuração proxy (PAC). Garantir nas propriedades de opções da internet que a configuração automática aponte pro proxy real, ou está limpo se uso remoto (VPN off).",Documentação Cisco e Clube do Hardware
Travamento Completo Sem BSOD no Windows 11,"Gelo total na tela (Hard Freeze) no meio de aplicativos requer apertar o botão reiniciar físico, indicando perda de voltagem por parte da fonte (PSU) ou CPU atingindo instabilidades na gestão de economia de energia (C-States na BIOS desativados resolvem).",Microsoft Learn (Docs)
O Pendrive é Detectado mas não Permite Abertura no PC,"Unidades detectadas mas com erro 'insira disco na unidade E:' indicam defeito completo e irrecuperável nos chips do controlador flash localizados fisicamente no dispositivo, impossibilitando até comandos de terminal para resgaste de tabela MFT ou reconstruções.",Comunidade Super User e Fóruns de TI
Erro Faltando VCRUNTIME140_1.dll ao Instalar e Iniciar Sistema,A evolução natural dos pacotes redistributivos Visual Studio faz versões x86 exigirem DLLs exclusivas. Mesmo um sistema x64 exige que instale as versões complementares do x86 para rodar softwares gerados em versões passadas ou sem arquitetura nativa plena.,Comunidade Super User e Fóruns de TI
Impressora Puxa Folha e Para no Meio,"Atolamento sem obstrução é devido a sensores de presença sujos de pó de toner. Com ar comprimido e tecido seco, limpe a esteira transparente atrás do rolo, permitindo aos LEDs verem adequadamente o progresso vertical e liberação de fase da gaveta.","Portal de Suporte HP, Epson e Brother"
A Senha do Bitlocker Não Aceita Teclado e Fica Presa,"Se o teclado é reconhecido mas parece que está com caracteres errados, o layout fora do sistema operacional na tela azul obedece padrão americano puro. Atenção à ausência física de cedilha e símbolos que mudam em layouts ABNT ao preencher senhas ou prompts longos.",Microsoft Learn (Docs)
Erro do Sistema Ocorre Ocasionalmente Depois de Dormir,"Computadores hibernando que geram lentidão severa até reinício estão engasgando pelo modo Erp ou Sleep Modes lentos dos drivers intel Optane/RST. Desabilitar opções de suspensão híbrida nos esquemas de planos de energia avança ao desligamento completo e puro, sanando o problema.",Comunidade Super User e Fóruns de TI
Arquivo Não Copiado Causa Parada de Progresso do Copiar/Mover,Operações que copiam milhares de itens em pen drive travando no 99% sem aviso indicam corrupção no formato. Formatando para um sistema mais responsivo (NTFS ao invés de FAT32) a transferência finalizará blocos rapidamente devido a otimização diária da cache de leitura write e read speed.,Comunidade Super User e Fóruns de TI
Erro Outlook 0x800CCC0F Timeout Server,"Um limite de erro 0x800CCC0F significa o encerramento do processo pelos servidores SMTP por tempo limite excedido na rede. Expandir a duração da expiração de servidor nos arquivos de dados para mais de 5 minutos permite enviar arquivos grandes anexados, corrigindo falhas de quebra de rotas lógicas.",Microsoft Learn (Docs)
Windows Trava Na Tela 'Bem-Vindo' Roda Carregamento Sem Fim,"Carregamentos estagnados na autenticação pedem reparação dos perfis de registro das contas de serviço no log de login de rede. Em modo administrador, remova via msconfig a ativação automática de programas externos de rede corporativa para garantir o fluxo de inicialização original intacta.",Microsoft Learn (Docs)
Acesso Remoto VPN Fecha Arquivo Usado na Rede,Arquivos que desfazem e interrompem sessões mostram falha temporária no handshake TSL com firewall remoto. Habilitar keep-alive pings para roteamento constante evita os micro cortamentos responsáveis pela degradação que força a interrupção local e fechamento compulsório de pacotes SMB compartilhados na VPN corporativa da matriz.,Documentação Cisco e Clube do Hardware
Celulares Apresentando Tela Ghosting Constante Sombreamento,"Manchas estáticas de fundo em smartphones ou monitores após manter conteúdo parado no LCD/OLED apontam 'Burn-In' se permanentes. Exibir padrões RGB acelerados e brilhantes resolve instabilidades base e retenção na tela causadas na voltagem local, sendo imperativo desligar a tela se estiver ausente mais de 3 minutos localmente e por padrão nos modos energia operantes para controle total ou manutenção oficial hardware e painel troca completa suporte.",Fórum Tom's Hardware e Guia do Hardware
