pergunta,resposta
"Meu computador não liga e não dá nenhum sinal","Verifique se o cabo de energia está bem conectado na tomada e na fonte. Teste a tomada com outro aparelho. Certifique-se de que a chave da fonte está ligada."
"O PC bipa mas não dá tela","Os bipes geralmente indicam erro de hardware. O mais comum é falha na memória RAM. Desligue o PC, remova os pentes de memória, limpe os contatos com uma borracha branca e recoloque-os."
"O monitor exibe a mensagem No Signal ou Sem Sinal","Verifique se o cabo de vídeo (HDMI/DisplayPort/VGA) está bem conectado no monitor e na placa de vídeo. Se o PC tiver placa de vídeo dedicada, o cabo deve estar nela e não na placa-mãe."
"A internet está caindo no Wi-Fi","Reinicie o roteador tirando da tomada por 30 segundos. Verifique se o problema ocorre em outros dispositivos. Se for apenas no PC, atualize o driver de rede sem fio."
"Estou conectado via cabo mas aparece Sem acesso à internet","Abra o Prompt de Comando como administrador e digite 'ipconfig /flushdns', depois 'netsh winsock reset'. Reinicie o computador."
"Computador dando tela azul (BSOD)","A tela azul indica falha crítica de hardware ou driver. Anote o código de erro. Atualize os drivers de vídeo e rode o Diagnóstico de Memória do Windows."
"Sistema muito lento e travando","Abra o Gerenciador de Tarefas (Ctrl+Shift+Esc) e veja se o uso de CPU, Memória ou Disco está em 100%. Desative programas desnecessários na inicialização."
"A impressora não quer imprimir","Verifique se está ligada, com papel e tinta. Remova a impressora no Windows, desconecte e reconecte o cabo USB para reinstalar. Limpe a fila de impressão."
"Não sai som nenhum do computador","Clique no ícone de volume e certifique-se de que o dispositivo correto está selecionado. Verifique se o cabo P2 ou USB está conectado na porta correta (geralmente verde)."
"Microfone não funciona no Teams ou Zoom","Vá em 'Configurações de Privacidade' do Windows e garanta que a permissão do microfone está ativada. Dentro do app, verifique nas configurações de áudio o microfone selecionado."
"Teclado parou de funcionar do nada","Teste em outra porta USB. Se for sem fio, troque as pilhas ou verifique o Bluetooth. Pode ser sujeira ou dano na membrana interna."
"Mouse está travando ou pulando na tela","Limpe o sensor óptico. Teste em uma superfície lisa. Troque de porta USB. Se for sem fio, afaste interferências metálicas do receptor."
"PC desliga sozinho ou reinicia enquanto jogo","Geralmente é superaquecimento ou falha na fonte. Baixe o HWMonitor para checar a temperatura. Limpe as ventoinhas e considere trocar a pasta térmica."
"Esqueci a senha do Windows","Se usar conta Microsoft, redefina a senha pelo site deles pelo celular. Se for conta local, você precisará de um pendrive bootável para resetar via prompt de comando."
"Não consigo acessar a pasta de rede da empresa","Verifique se está conectado à VPN. Pressione Win+R, digite o caminho da rede e verifique se suas credenciais não expiraram."
"O programa parou de responder e não fecha","Pressione Ctrl+Shift+Esc para abrir o Gerenciador de Tarefas, localize o programa, clique com o botão direito e selecione 'Finalizar Tarefa'."
"Excluí um arquivo sem querer e esvaziei a lixeira","Pare de usar o disco imediatamente para não sobrescrever dados. Instale um software como o Recuva e faça uma varredura profunda buscando a extensão do arquivo."
"Pendrive não é reconhecido no Windows","Teste em outra porta USB. Pressione Win+X, vá em 'Gerenciamento de Disco' e veja se ele aparece sem uma letra atribuída. Adicione uma letra se necessário."
"HD fazendo barulho de estalo constante","Isso indica falha física iminente. Faça backup imediato dos seus arquivos importantes e substitua o disco o mais rápido possível."
"Notebook não carrega a bateria","Desligue, remova a bateria se possível, conecte na tomada e ligue. Se ligar, a bateria está viciada. Se não, o defeito pode ser o carregador ou o conector."
"Notebook desliga na hora que tiro da tomada","A bateria não segura mais carga. A substituição da bateria por uma nova resolverá o problema."
"Navegador abrindo propagandas sozinho","Sintoma de Adware. Baixe o AdwCleaner ou Malwarebytes e faça uma varredura. Remova extensões desconhecidas do navegador."
"Atualização do Windows travada em 100%","Aguarde 1 hora. Se travar permanentemente, force o desligamento segurando o Power por 10 segundos. Ao religar, o Windows desfará a atualização sozinho."
"Erro de certificado de segurança ao abrir sites","Verifique se a data e hora do Windows estão corretas. Ative 'Definir horário automaticamente' nas configurações de relógio."
"Fone Bluetooth não conecta","Desative o Bluetooth do PC e ative novamente. Remova o fone da lista, coloque-o em modo de pareamento e tente reconectar."
"Ping muito alto em jogos online","Use internet via cabo de rede em vez de Wi-Fi. Pause downloads em segundo plano e verifique se há dispositivos consumindo muita banda na rede."
"Office pedindo ativação","Verifique se a assinatura do Microsoft 365 está ativa e se o login feito no Word/Excel é o correto. Se for chave vitalícia, insira-a no menu Arquivo > Conta."
"Meu teclado está digitando números em vez de letras","Pressione a tecla 'Fn' junto com 'NumLock' para desativar o teclado numérico embutido nas teclas de letras."
"Como saber a configuração do meu PC?","Pressione Win+R, digite 'dxdiag' e aperte Enter. Isso mostrará informações sobre o processador, memória RAM e placa de vídeo."
"Como limpar o cache do Google Chrome?","Pressione Ctrl+Shift+Del, selecione 'Todo o período', marque a opção de 'Imagens e arquivos armazenados em cache' e clique em 'Remover dados'."
"Webcam não dá imagem","Verifique se não há uma tampa física fechando a lente. Pressione Fn + tecla de câmera no teclado do notebook. Confirme as permissões de privacidade no Windows."
"A tela do notebook ficou de ponta cabeça","Pressione Ctrl + Alt + Seta para Cima para restaurar a orientação padrão da tela."
"Como descubro o meu IP local?","Abra o Prompt de Comando, digite 'ipconfig' e aperte Enter. Procure pela linha 'Endereço IPv4'."
"Como formatar um pendrive?","Abra 'Este Computador', clique com o botão direito no pendrive, selecione 'Formatar...', escolha o sistema de arquivos (geralmente NTFS ou FAT32) e inicie."
"Onde vejo os programas instalados no PC?","Pressione a tecla Windows, digite 'Adicionar ou remover programas' e abra a configuração do sistema."
"Como desinstalar um programa completamente?","Vá em 'Adicionar ou remover programas', busque o aplicativo na lista, clique nele e escolha 'Desinstalar'."
"Meu Outlook parou de enviar e-mails","Verifique a conexão de internet. Confirme se a caixa de saída possui e-mails com anexos grandes travando a fila. Reinicie o Outlook."
"O Windows está pedindo para ativar toda hora","Acesse Configurações > Atualização e Segurança > Ativação. Verifique se há uma licença digital vinculada à sua conta Microsoft ou insira uma chave de produto válida."
"Conexão VPN desconectando sozinha","Mude o servidor de destino na VPN. Se estiver no Wi-Fi, tente ir para o cabo. Atualize o cliente VPN para a versão mais recente."
"Pasta de downloads sumiu","Abra o Explorador de Arquivos. A pasta geralmente fica em C:\Usuários\SeuNomeDeUsuário\Downloads. Você pode fixá-la novamente no Acesso Rápido."
"Como recuperar arquivos de um HD formatado?","Use ferramentas de recuperação como EaseUS Data Recovery ou TestDisk. Quanto menos você usar o HD após a formatação, maior a chance de recuperar algo."
"Erro DLL não encontrada ao abrir um jogo","Baixe e instale as bibliotecas mais recentes do DirectX e do Microsoft Visual C++ Redistributável. Nunca baixe arquivos DLL avulsos de sites desconhecidos."
"Como bloquear sites no meu PC?","Você pode editar o arquivo 'hosts' do Windows em C:\Windows\System32\drivers\etc, direcionando o site para o IP 127.0.0.1, ou usar extensões de navegador."
"A ventoinha do notebook está fazendo muito barulho","O sistema está superaquecendo ou há sujeira acumulada. Recomenda-se abrir o equipamento para limpeza preventiva e troca de pasta térmica."
"Como aumentar o tamanho da fonte do Windows?","Clique com o botão direito na Área de Trabalho > Configurações de exibição. Em 'Ajustar escala e layout', altere a porcentagem para 125% ou 150%."
"O computador liga direto na BIOS","Isso indica que o sistema operacional não foi encontrado. Verifique se o HD/SSD aparece na lista de boot da BIOS. O cabo SATA pode estar solto ou o disco corrompido."
"Como espelhar a tela para a TV?","Se for uma Smart TV, pressione Win+K no PC e selecione a TV na lista. Ambos devem estar na mesma rede Wi-Fi."
"Como dividir a tela no Windows?","Clique na janela que deseja mover e pressione Win + Seta para Esquerda/Direita para fixá-la na metade da tela."
"O som do YouTube está muito baixo","Clique com o botão direito no ícone de volume na barra de tarefas e abra o 'Mixer de volume'. Verifique se o volume do navegador específico não está abaixado."
"Meu IP foi bloqueado, o que fazer?","Reinicie o seu modem/roteador para tentar obter um novo IP da operadora. Se o bloqueio for corporativo, contate o administrador da rede."
"Como ocultar uma pasta?","Clique com o botão direito na pasta > Propriedades. Marque a caixa 'Oculto' e clique em OK."
"A bateria do notebook descarrega muito rápido","Reduza o brilho da tela, feche apps em segundo plano, desative o teclado iluminado e altere o plano de energia para 'Economia de bateria'."
"Posso usar dois antivírus ao mesmo tempo?","Não. Dois antivírus ativos geram conflito e deixam o computador extremamente lento. Mantenha apenas um instalado e atualizado."
"Como tirar print da tela?","Pressione a tecla 'Print Screen' para copiar a tela toda, ou 'Win + Shift + S' para recortar uma parte específica."
"O botão iniciar não funciona","Pressione Ctrl+Shift+Esc, encontre 'Windows Explorer' na aba Processos, clique com o botão direito e selecione 'Reiniciar'."
"As portas USB frontais do gabinete não funcionam","O cabo do painel frontal pode estar desconectado da placa-mãe. Abra o gabinete e conecte o cabo USB Header corretamente."
"Como saber qual versão do Windows eu uso?","Pressione Win+R, digite 'winver' e aperte Enter. Uma janela mostrará a edição e a compilação do Windows."
"Meu Excel fechou sem salvar","Abra o Excel novamente, vá em Arquivo > Informações > Gerenciar Pasta de Trabalho > Recuperar Pastas de Trabalho Não Salvas."
"Como descobrir a senha do Wi-Fi salvo no PC?","Abra o Painel de Controle > Central de Rede e Compartilhamento. Clique na sua rede > Propriedades sem fio > Segurança > Mostrar caracteres."
"Posso instalar SSD no meu notebook antigo?","Sim, a grande maioria dos notebooks aceita a troca do HD mecânico por um SSD SATA de 2,5 polegadas, o que aumenta muito a velocidade."
"Meu touchpad não funciona","Verifique se há um botão físico de bloqueio ou pressione Fn + F7 (ou a tecla correspondente ao touchpad) para reativá-lo."
"Como colocar acento no teclado americano?","Altere o layout do teclado no Windows para 'Estados Unidos - Internacional'. Para acentuar, aperte o acento antes da vogal (ex: ' + a = á)."
"O relógio do Windows atrasa toda vez que desligo","Isso geralmente é causado pelo esgotamento da bateria CR2032 localizada na placa-mãe. A troca dessa bateria resolve o problema de vez."
"Onde fica a lixeira no Windows 11?","Por padrão fica na Área de Trabalho. Se sumiu, vá em Configurações > Personalização > Temas > Configurações de ícones da área de trabalho e marque a Lixeira."
"Como desativar a inicialização de um programa?","Abra o Gerenciador de Tarefas (Ctrl+Shift+Esc), vá na aba 'Inicializar' (ou 'Aplicativos de Inicialização'), clique no programa e selecione 'Desabilitar'."
"O PC trava completamente e congela a imagem","Atualize os drivers de vídeo, teste as memórias RAM uma por uma e verifique as temperaturas de operação da CPU e GPU."
"Erro 404 ao tentar abrir um site","O erro 404 significa que a página que você está tentando acessar não existe mais ou a URL foi digitada incorretamente."
"Meu disco C está cheio, como liberar espaço?","Pressione a tecla Windows, digite 'Limpeza de Disco', selecione o disco C: e marque arquivos temporários, lixeira e cache para exclusão."
"Como zipar um arquivo?","Clique com o botão direito sobre o arquivo ou pasta > Enviar para > Pasta compactada (zipada)."
"Como mudar a senha do usuário local do Windows?","Pressione Ctrl+Alt+Del, clique em 'Alterar uma senha', insira a senha atual e defina a nova."
"A barra de tarefas sumiu","Pressione a tecla Windows. Se ela aparecer e sumir, vá em Configurações > Personalização > Barra de tarefas e desative 'Ocultar automaticamente a barra de tarefas'."
"O PDF não abre no computador","Verifique se há um leitor de PDF instalado, como Adobe Acrobat ou Foxit Reader. Alternativamente, você pode arrastar o arquivo para dentro de uma aba do Google Chrome."
"Meu celular não é reconhecido pelo cabo USB no PC","Limpe o conector do celular, troque o cabo (alguns cabos são só para carregar e não passam dados) e no celular selecione o modo 'Transferência de Arquivos'."
"O computador acende os LEDs mas os coolers não giram","Verifique se há obstrução nas ventoinhas ou falha nos conectores FAN da placa-mãe. A fonte também pode estar entregando energia insuficiente."
"Tela piscando sem parar no Windows","Isso geralmente é incompatibilidade de driver de vídeo ou algum aplicativo em conflito. Tente iniciar em Modo de Segurança para isolar o problema."
"Meu fone de ouvido só funciona um lado","Teste o fone em outro dispositivo (como um celular) para saber se o defeito é físico no cabo do fone ou na saída de áudio do computador."
"Como parar as notificações do Google Chrome?","Vá nas configurações do Chrome > Privacidade e segurança > Configurações do site > Notificações, e remova os sites indesejados da lista de permissões."
"O ponteiro do mouse desapareceu","Reinicie o PC. Se o problema persistir, pode ser falha no driver do mouse. Conecte outro mouse para testar."
"Como alterar o programa padrão que abre um arquivo?","Clique com o botão direito no arquivo > Abrir com > Escolher outro aplicativo. Selecione o programa desejado e marque 'Sempre usar este aplicativo'."
"A cor do monitor está amarelada","O recurso 'Luz Noturna' do Windows pode estar ativado. Acesse Configurações de Exibição e desative essa função."
"Onde ficam salvos os prints da tela?","Se usou Win+PrintScreen, ficam na pasta Imagens > Capturas de Tela. Se usou Win+Shift+S, fica salvo na área de transferência e precisa ser colado (Ctrl+V) em algum lugar."
"O arquivo Word diz que está em 'Modo Somente Leitura'","Clique em 'Habilitar Edição' na barra amarela no topo da tela. Se estiver em uma pasta de rede, outro usuário pode estar com o arquivo aberto."
"Como descobrir o MAC Address da placa de rede?","No Prompt de Comando, digite 'getmac' ou 'ipconfig /all' e procure pelo 'Endereço Físico' da sua conexão ativa."
"Qual cabo de vídeo é melhor: HDMI ou DisplayPort?","Para jogos de alto desempenho e monitores com alta taxa de atualização (144Hz+), o DisplayPort geralmente oferece mais largura de banda e estabilidade."
"Como criar um atalho na área de trabalho?","Clique com o botão direito no arquivo ou programa > Enviar para > Área de trabalho (criar atalho)."
"A tecla Windows do meu teclado gamer não funciona","Muitos teclados gamers têm um atalho (como Fn + tecla Windows) que bloqueia a tecla para evitar toques acidentais durante o jogo. Tente reativar."
"Meu e-mail acusa limite de armazenamento excedido","Acesse seu webmail e apague e-mails pesados, especialmente na pasta 'Itens Enviados' e na 'Lixeira'."
"Como saber se minha memória RAM está com defeito?","No Menu Iniciar, pesquise por 'Diagnóstico de Memória do Windows', clique em 'Reiniciar agora' e deixe a ferramenta testar os módulos durante o boot."
"Ao ligar, aparece 'Operating System Not Found'","O PC não encontrou o Windows para carregar. O HD/SSD pode estar com o cabo solto, a partição de boot corrompida ou o disco queimou."
"O cooler do processador quebrou uma das perninhas de fixação","Substitua o suporte ou o cooler inteiro imediatamente. Um cooler mal fixado não resfria o processador e causa desligamentos automáticos."
"Meu roteador fica com a luz LOS piscando em vermelho","Isso significa Perda de Sinal Óptico. O cabo de fibra óptica do poste até a sua casa está quebrado ou dobrado. Chame a operadora."
"Como saber qual aplicativo está usando minha internet?","No Gerenciador de Tarefas, vá na aba 'Desempenho' > 'Abrir Monitor de Recursos' e veja a aba de Rede para detalhes do tráfego."
"Meu pendrive perdeu a capacidade original (ex: de 16GB pra 2GB)","As partições estão corrompidas. Abra o Prompt como Admin, use o comando 'diskpart', 'list disk', 'select disk X', 'clean' e crie uma nova partição no Gerenciador de Disco."
"O PC liga sozinho de madrugada","Verifique na BIOS configurações de 'Wake on LAN' ou agendamentos de atualização no Windows Update configurados fora do horário ativo."
"Posso usar um carregador de notebook de marca diferente?","Sim, desde que a tensão (Voltagem - V) seja exatamente igual, a corrente (Amperagem - A) seja igual ou superior, e o pino se encaixe perfeitamente."
"O sistema pede senha de Administrador para instalar programas","Isso ocorre pois seu usuário é 'Padrão'. Você precisa das credenciais do administrador da máquina ou da TI para prosseguir com a instalação."
"O que é o erro 'CMOS Checksum Error'?","Ocorre quando a BIOS perde suas configurações de data, hora ou ordem de boot devido à bateria da placa-mãe (CR2032) estar fraca e precisar ser trocada."
"Minha câmera aparece no sistema, mas fica tudo preto no Zoom","Verifique se outro programa não está usando a câmera ao mesmo tempo. Reinicie os serviços da câmera ou teste abrir no app 'Câmera' nativo do Windows."
"Ao abrir um programa, recebo o erro '.NET Framework não instalado'","O programa requer essa biblioteca. Vá na página da Microsoft, baixe e instale a versão solicitada do .NET Framework e tente novamente."
"A velocidade da minha internet não passa de 100 Mega","Certifique-se de usar um cabo de rede Cat5e ou superior e que a porta de rede do seu PC e do roteador sejam do tipo Gigabit (10/100/1000 Mbps)."